-- MySQL Script generated by MySQL Workbench
-- Thu 15 Dec 2016 10:57:58 AM CET
-- Model: New Model    Version: 1.0
-- MySQL Workbench Forward Engineering

SET @OLD_UNIQUE_CHECKS=@@UNIQUE_CHECKS, UNIQUE_CHECKS=0;
SET @OLD_FOREIGN_KEY_CHECKS=@@FOREIGN_KEY_CHECKS, FOREIGN_KEY_CHECKS=0;
SET @OLD_SQL_MODE=@@SQL_MODE, SQL_MODE='TRADITIONAL,ALLOW_INVALID_DATES';

-- -----------------------------------------------------
-- Schema sisane
-- -----------------------------------------------------
DROP SCHEMA IF EXISTS `sisane` ;

-- -----------------------------------------------------
-- Schema sisane
-- -----------------------------------------------------
CREATE SCHEMA IF NOT EXISTS `sisane` DEFAULT CHARACTER SET utf8 COLLATE utf8_unicode_ci ;
USE `sisane` ;

-- -----------------------------------------------------
-- Table `sisane`.`importancia`
-- -----------------------------------------------------
DROP TABLE IF EXISTS `sisane`.`importancia` ;

CREATE TABLE IF NOT EXISTS `sisane`.`importancia` (
  `id` INT NOT NULL AUTO_INCREMENT,
  `descripcion` VARCHAR(255) NULL,
  PRIMARY KEY (`id`))
ENGINE = InnoDB
DEFAULT CHARACTER SET = utf8
COLLATE = utf8_unicode_ci;


-- -----------------------------------------------------
-- Table `sisane`.`servicio`
-- -----------------------------------------------------
DROP TABLE IF EXISTS `sisane`.`servicio` ;

CREATE TABLE IF NOT EXISTS `sisane`.`servicio` (
  `id` INT NOT NULL AUTO_INCREMENT,
  `descripcion` VARCHAR(255) NULL,
  PRIMARY KEY (`id`))
ENGINE = InnoDB
DEFAULT CHARACTER SET = utf8
COLLATE = utf8_unicode_ci;


-- -----------------------------------------------------
-- Table `sisane`.`tipo`
-- -----------------------------------------------------
DROP TABLE IF EXISTS `sisane`.`tipo` ;

CREATE TABLE IF NOT EXISTS `sisane`.`tipo` (
  `id` INT NOT NULL AUTO_INCREMENT,
  `descripcion` VARCHAR(255) NULL,
  PRIMARY KEY (`id`))
ENGINE = InnoDB
DEFAULT CHARACTER SET = utf8
COLLATE = utf8_unicode_ci;


-- -----------------------------------------------------
-- Table `sisane`.`paciente`
-- -----------------------------------------------------
DROP TABLE IF EXISTS `sisane`.`paciente` ;

CREATE TABLE IF NOT EXISTS `sisane`.`paciente` (
  `id` INT NOT NULL AUTO_INCREMENT,
  `dni` VARCHAR(255) NULL,
  `name` VARCHAR(255) NULL,
  `primer_apellido` VARCHAR(255) NULL,
  `segundo_apellido` VARCHAR(255) NULL,
  `login` VARCHAR(255) NULL,
  `password` VARCHAR(255) NULL,
  `estado` VARCHAR(255) NULL,
  `direccion` VARCHAR(255) NULL,
  `ciudad` VARCHAR(255) NULL,
  `codigopostal` VARCHAR(255) NULL,
  `provincia` VARCHAR(255) NULL,
  `pais` VARCHAR(255) NULL,
  `email` VARCHAR(255) NULL,
  `telefono` VARCHAR(255) NULL,
  `id_servicio` INT NULL,
  `fecha_salida` DATETIME NULL,
  PRIMARY KEY (`id`),
  INDEX `fk_paciente_servicio1_idx` (`id_servicio` ASC),
  CONSTRAINT `fk_paciente_servicio`
    FOREIGN KEY (`id_servicio`)
    REFERENCES `sisane`.`servicio` (`id`)
    ON DELETE SET NULL
    ON UPDATE CASCADE)
ENGINE = InnoDB;


-- -----------------------------------------------------
-- Table `sisane`.`especialidad`
-- -----------------------------------------------------
DROP TABLE IF EXISTS `sisane`.`especialidad` ;

CREATE TABLE IF NOT EXISTS `sisane`.`especialidad` (
  `id` INT NOT NULL AUTO_INCREMENT,
  `descripcion` VARCHAR(255) NULL,
  PRIMARY KEY (`id`))
ENGINE = InnoDB
DEFAULT CHARACTER SET = utf8
COLLATE = utf8_unicode_ci;


-- -----------------------------------------------------
-- Table `sisane`.`medico`
-- -----------------------------------------------------
DROP TABLE IF EXISTS `sisane`.`medico` ;

CREATE TABLE IF NOT EXISTS `sisane`.`medico` (
  `id` INT NOT NULL AUTO_INCREMENT,
  `id_servicio` INT NULL,
  `id_especialidad` INT NULL,
  PRIMARY KEY (`id`),
  INDEX `fk_medico_servicio1_idx` (`id_servicio` ASC),
  INDEX `fk_medico_especialidad1_idx` (`id_especialidad` ASC),
  CONSTRAINT `fk_medico_servicio`
    FOREIGN KEY (`id_servicio`)
    REFERENCES `sisane`.`servicio` (`id`)
    ON DELETE SET NULL
    ON UPDATE CASCADE,
  CONSTRAINT `fk_medico_especialidad`
    FOREIGN KEY (`id_especialidad`)
    REFERENCES `sisane`.`especialidad` (`id`)
    ON DELETE SET NULL
    ON UPDATE CASCADE)
ENGINE = InnoDB
DEFAULT CHARACTER SET = utf8
COLLATE = utf8_unicode_ci;


-- -----------------------------------------------------
-- Table `sisane`.`prioridad`
-- -----------------------------------------------------
DROP TABLE IF EXISTS `sisane`.`prioridad` ;

CREATE TABLE IF NOT EXISTS `sisane`.`prioridad` (
  `id` INT NOT NULL AUTO_INCREMENT,
  `descripcion` VARCHAR(255) NULL,
  PRIMARY KEY (`id`))
ENGINE = InnoDB
DEFAULT CHARACTER SET = utf8
COLLATE = utf8_unicode_ci;


-- -----------------------------------------------------
-- Table `sisane`.`episodio`
-- -----------------------------------------------------
DROP TABLE IF EXISTS `sisane`.`episodio` ;

CREATE TABLE IF NOT EXISTS `sisane`.`episodio` (
  `id` INT NOT NULL AUTO_INCREMENT,
  `fecha` DATETIME NULL,
  `informe` LONGTEXT NULL,
  `importe` DECIMAL NULL,
  `id_importancia` INT NULL,
  `id_servicio` INT NULL,
  `id_tipo` INT NULL,
  `id_paciente` INT NULL,
  `id_medico` INT NULL,
  `id_episodio` INT NULL,
  `id_prioridad` INT NULL,
  PRIMARY KEY (`id`),
  INDEX `fk_episodio_servicio1_idx` (`id_servicio` ASC),
  INDEX `fk_episodio_tipo1_idx` (`id_tipo` ASC),
  INDEX `fk_episodio_importancia_idx` (`id_importancia` ASC),
  INDEX `fk_episodio_paciente1_idx` (`id_paciente` ASC),
  INDEX `fk_episodio_medico1_idx` (`id_medico` ASC),
  INDEX `fk_episodio_episodio1_idx` (`id_episodio` ASC),
  INDEX `fk_episodio_prioridad1_idx` (`id_prioridad` ASC),
  CONSTRAINT `fk_episodio_importancia`
    FOREIGN KEY (`id_importancia`)
    REFERENCES `sisane`.`importancia` (`id`)
    ON DELETE SET NULL
    ON UPDATE CASCADE,
  CONSTRAINT `fk_episodio_servicio`
    FOREIGN KEY (`id_servicio`)
    REFERENCES `sisane`.`servicio` (`id`)
    ON DELETE SET NULL
    ON UPDATE CASCADE,
  CONSTRAINT `fk_episodio_tipo`
    FOREIGN KEY (`id_tipo`)
    REFERENCES `sisane`.`tipo` (`id`)
    ON DELETE SET NULL
    ON UPDATE CASCADE,
  CONSTRAINT `fk_episodio_paciente`
    FOREIGN KEY (`id_paciente`)
    REFERENCES `sisane`.`paciente` (`id`)
    ON DELETE SET NULL
    ON UPDATE CASCADE,
  CONSTRAINT `fk_episodio_medico`
    FOREIGN KEY (`id_medico`)
    REFERENCES `sisane`.`medico` (`id`)
    ON DELETE SET NULL
    ON UPDATE CASCADE,
  CONSTRAINT `fk_episodio_episodio`
    FOREIGN KEY (`id_episodio`)
    REFERENCES `sisane`.`episodio` (`id`)
    ON DELETE SET NULL
    ON UPDATE CASCADE,
  CONSTRAINT `fk_episodio_prioridad`
    FOREIGN KEY (`id_prioridad`)
    REFERENCES `sisane`.`prioridad` (`id`)
    ON DELETE SET NULL
    ON UPDATE CASCADE)
ENGINE = InnoDB
DEFAULT CHARACTER SET = utf8
COLLATE = utf8_unicode_ci;


-- -----------------------------------------------------
-- Table `sisane`.`medicamento`
-- -----------------------------------------------------
DROP TABLE IF EXISTS `sisane`.`medicamento` ;

CREATE TABLE IF NOT EXISTS `sisane`.`medicamento` (
  `id` INT NOT NULL AUTO_INCREMENT,
  `descripcion` VARCHAR(255) NULL,
  PRIMARY KEY (`id`))
ENGINE = InnoDB
DEFAULT CHARACTER SET = utf8
COLLATE = utf8_unicode_ci;


-- -----------------------------------------------------
-- Table `sisane`.`via`
-- -----------------------------------------------------
DROP TABLE IF EXISTS `sisane`.`via` ;

CREATE TABLE IF NOT EXISTS `sisane`.`via` (
  `id` INT NOT NULL AUTO_INCREMENT,
  `descripcion` VARCHAR(255) NULL,
  `id_medicamento` INT NULL,
  PRIMARY KEY (`id`),
  INDEX `fk_via_medicamento1_idx` (`id_medicamento` ASC),
  CONSTRAINT `fk_via_medicamento`
    FOREIGN KEY (`id_medicamento`)
    REFERENCES `sisane`.`medicamento` (`id`)
    ON DELETE SET NULL
    ON UPDATE CASCADE)
ENGINE = InnoDB
DEFAULT CHARACTER SET = utf8
COLLATE = utf8_unicode_ci;


-- -----------------------------------------------------
-- Table `sisane`.`posologia`
-- -----------------------------------------------------
DROP TABLE IF EXISTS `sisane`.`posologia` ;

CREATE TABLE IF NOT EXISTS `sisane`.`posologia` (
  `id` INT NOT NULL AUTO_INCREMENT,
  `descripcion` VARCHAR(255) NULL,
  `id_medicamento` INT NULL,
  PRIMARY KEY (`id`),
  INDEX `fk_posologia_medicamento1_idx` (`id_medicamento` ASC),
  CONSTRAINT `fk_posologia_medicamento`
    FOREIGN KEY (`id_medicamento`)
    REFERENCES `sisane`.`medicamento` (`id`)
    ON DELETE SET NULL
    ON UPDATE CASCADE)
ENGINE = InnoDB
DEFAULT CHARACTER SET = utf8
COLLATE = utf8_unicode_ci;


-- -----------------------------------------------------
-- Table `sisane`.`tipodiagnostico`
-- -----------------------------------------------------
DROP TABLE IF EXISTS `sisane`.`tipodiagnostico` ;

CREATE TABLE IF NOT EXISTS `sisane`.`tipodiagnostico` (
  `id` INT NOT NULL AUTO_INCREMENT,
  `descripcion` VARCHAR(255) NULL,
  PRIMARY KEY (`id`))
ENGINE = InnoDB
DEFAULT CHARACTER SET = utf8
COLLATE = utf8_unicode_ci;


-- -----------------------------------------------------
-- Table `sisane`.`diagnostico`
-- -----------------------------------------------------
DROP TABLE IF EXISTS `sisane`.`diagnostico` ;

CREATE TABLE IF NOT EXISTS `sisane`.`diagnostico` (
  `id` INT NOT NULL AUTO_INCREMENT,
  `informe` LONGTEXT NULL,
  `fecha` DATETIME NULL,
  `id_episodio` INT NULL,
  `id_tipodiagnostico` INT NULL,
  PRIMARY KEY (`id`),
  INDEX `fk_diagnostico_episodio1_idx` (`id_episodio` ASC),
  INDEX `fk_diagnostico_tipodiagnostico1_idx` (`id_tipodiagnostico` ASC),
  CONSTRAINT `fk_diagnostico_episodio`
    FOREIGN KEY (`id_episodio`)
    REFERENCES `sisane`.`episodio` (`id`)
    ON DELETE SET NULL
    ON UPDATE CASCADE,
  CONSTRAINT `fk_diagnostico_tipodiagnostico`
    FOREIGN KEY (`id_tipodiagnostico`)
    REFERENCES `sisane`.`tipodiagnostico` (`id`)
    ON DELETE SET NULL
    ON UPDATE CASCADE)
ENGINE = InnoDB;


-- -----------------------------------------------------
-- Table `sisane`.`tratamiento`
-- -----------------------------------------------------
DROP TABLE IF EXISTS `sisane`.`tratamiento` ;

CREATE TABLE IF NOT EXISTS `sisane`.`tratamiento` (
  `id` INT NOT NULL AUTO_INCREMENT,
  `id_medicamento` INT NULL,
  `fecha_inicio` DATETIME NULL,
  `fecha_fin` DATETIME NULL,
  `cuidados` LONGTEXT NULL,
  `id_via` INT NULL,
  `id_posologia` INT NULL,
  `importe` DOUBLE NULL,
  `id_diagnostico` INT NULL,
  PRIMARY KEY (`id`),
  INDEX `fk_paciente_has_medicamento_medicamento1_idx` (`id_medicamento` ASC),
  INDEX `fk_tratamiento_via1_idx` (`id_via` ASC),
  INDEX `fk_tratamiento_posologia1_idx` (`id_posologia` ASC),
  INDEX `fk_tratamiento_diagnostico1_idx` (`id_diagnostico` ASC),
  CONSTRAINT `fk_tratamiento_medicamento`
    FOREIGN KEY (`id_medicamento`)
    REFERENCES `sisane`.`medicamento` (`id`)
    ON DELETE SET NULL
    ON UPDATE CASCADE,
  CONSTRAINT `fk_tratamiento_via`
    FOREIGN KEY (`id_via`)
    REFERENCES `sisane`.`via` (`id`)
    ON DELETE SET NULL
    ON UPDATE CASCADE,
  CONSTRAINT `fk_tratamiento_posologia`
    FOREIGN KEY (`id_posologia`)
    REFERENCES `sisane`.`posologia` (`id`)
    ON DELETE SET NULL
    ON UPDATE CASCADE,
  CONSTRAINT `fk_tratamiento_diagnostico`
    FOREIGN KEY (`id_diagnostico`)
    REFERENCES `sisane`.`diagnostico` (`id`)
    ON DELETE SET NULL
    ON UPDATE CASCADE)
ENGINE = InnoDB
DEFAULT CHARACTER SET = utf8
COLLATE = utf8_unicode_ci;


-- -----------------------------------------------------
-- Table `sisane`.`tecnica`
-- -----------------------------------------------------
DROP TABLE IF EXISTS `sisane`.`tecnica` ;

CREATE TABLE IF NOT EXISTS `sisane`.`tecnica` (
  `id` INT NOT NULL AUTO_INCREMENT,
  `descripcion` VARCHAR(255) NULL,
  PRIMARY KEY (`id`))
ENGINE = InnoDB
DEFAULT CHARACTER SET = utf8
COLLATE = utf8_unicode_ci;


-- -----------------------------------------------------
-- Table `sisane`.`imagen`
-- -----------------------------------------------------
DROP TABLE IF EXISTS `sisane`.`imagen` ;

CREATE TABLE IF NOT EXISTS `sisane`.`imagen` (
  `id` INT NOT NULL AUTO_INCREMENT,
  `descripcion` VARCHAR(255) NULL,
  `fecha` DATETIME NULL,
  `ubicacion` VARCHAR(255) NULL,
  `id_tecnica` INT NULL,
  PRIMARY KEY (`id`),
  INDEX `fk_imagen_tecnica1_idx` (`id_tecnica` ASC),
  CONSTRAINT `fk_imagen_tecnica1`
    FOREIGN KEY (`id_tecnica`)
    REFERENCES `sisane`.`tecnica` (`id`)
    ON DELETE SET NULL
    ON UPDATE CASCADE)
ENGINE = InnoDB
DEFAULT CHARACTER SET = utf8
COLLATE = utf8_unicode_ci;


-- -----------------------------------------------------
-- Table `sisane`.`tipomuestra`
-- -----------------------------------------------------
DROP TABLE IF EXISTS `sisane`.`tipomuestra` ;

CREATE TABLE IF NOT EXISTS `sisane`.`tipomuestra` (
  `id` INT NOT NULL AUTO_INCREMENT,
  `descripcion` VARCHAR(255) NULL,
  PRIMARY KEY (`id`))
ENGINE = InnoDB
DEFAULT CHARACTER SET = utf8
COLLATE = utf8_unicode_ci;


-- -----------------------------------------------------
-- Table `sisane`.`anticoagulante`
-- -----------------------------------------------------
DROP TABLE IF EXISTS `sisane`.`anticoagulante` ;

CREATE TABLE IF NOT EXISTS `sisane`.`anticoagulante` (
  `id` INT NOT NULL AUTO_INCREMENT,
  `descripcion` VARCHAR(255) NULL,
  PRIMARY KEY (`id`))
ENGINE = InnoDB
DEFAULT CHARACTER SET = utf8
COLLATE = utf8_unicode_ci;


-- -----------------------------------------------------
-- Table `sisane`.`analitica`
-- -----------------------------------------------------
DROP TABLE IF EXISTS `sisane`.`analitica` ;

CREATE TABLE IF NOT EXISTS `sisane`.`analitica` (
  `id` INT NOT NULL AUTO_INCREMENT,
  `informe` LONGTEXT NULL,
  `fecha_peticion` DATETIME NULL,
  `importe` DOUBLE NULL,
  `id_tipomuestra` INT NULL,
  `id_anticoagulante` INT NULL,
  `id_prioridad` INT NULL,
  PRIMARY KEY (`id`),
  INDEX `fk_analitica_tipomuestra1_idx` (`id_tipomuestra` ASC),
  INDEX `fk_analitica_anticoagulante1_idx` (`id_anticoagulante` ASC),
  INDEX `fk_analitica_prioridad1_idx` (`id_prioridad` ASC),
  CONSTRAINT `fk_analitica_tipomuestra1`
    FOREIGN KEY (`id_tipomuestra`)
    REFERENCES `sisane`.`tipomuestra` (`id`)
    ON DELETE SET NULL
    ON UPDATE CASCADE,
  CONSTRAINT `fk_analitica_anticoagulante1`
    FOREIGN KEY (`id_anticoagulante`)
    REFERENCES `sisane`.`anticoagulante` (`id`)
    ON DELETE SET NULL
    ON UPDATE CASCADE,
  CONSTRAINT `fk_analitica_prioridad1`
    FOREIGN KEY (`id_prioridad`)
    REFERENCES `sisane`.`prioridad` (`id`)
    ON DELETE SET NULL
    ON UPDATE CASCADE)
ENGINE = InnoDB
DEFAULT CHARACTER SET = utf8
COLLATE = utf8_unicode_ci;


-- -----------------------------------------------------
-- Table `sisane`.`prueba`
-- -----------------------------------------------------
DROP TABLE IF EXISTS `sisane`.`prueba` ;

CREATE TABLE IF NOT EXISTS `sisane`.`prueba` (
  `id` INT NOT NULL AUTO_INCREMENT,
  `informe` LONGTEXT NULL,
  `fecha_peticion` DATETIME NULL,
  `id_episodio` INT NULL,
  `importe` DOUBLE NULL,
  `id_imagen` INT NULL,
  `id_analitica` INT NULL,
  PRIMARY KEY (`id`),
  INDEX `fk_prueba_episodio1_idx` (`id_episodio` ASC),
  INDEX `fk_prueba_imagen1_idx` (`id_imagen` ASC),
  INDEX `fk_prueba_analitica1_idx` (`id_analitica` ASC),
  CONSTRAINT `fk_prueba_episodio`
    FOREIGN KEY (`id_episodio`)
    REFERENCES `sisane`.`episodio` (`id`)
    ON DELETE SET NULL
    ON UPDATE CASCADE,
  CONSTRAINT `fk_prueba_imagen`
    FOREIGN KEY (`id_imagen`)
    REFERENCES `sisane`.`imagen` (`id`)
    ON DELETE SET NULL
    ON UPDATE CASCADE,
  CONSTRAINT `fk_prueba_analitica`
    FOREIGN KEY (`id_analitica`)
    REFERENCES `sisane`.`analitica` (`id`)
    ON DELETE SET NULL
    ON UPDATE CASCADE)
ENGINE = InnoDB
DEFAULT CHARACTER SET = utf8
COLLATE = utf8_unicode_ci;


-- -----------------------------------------------------
-- Table `sisane`.`zona`
-- -----------------------------------------------------
DROP TABLE IF EXISTS `sisane`.`zona` ;

CREATE TABLE IF NOT EXISTS `sisane`.`zona` (
  `id` INT NOT NULL AUTO_INCREMENT,
  `descripcion` VARCHAR(255) NULL,
  PRIMARY KEY (`id`))
ENGINE = InnoDB
DEFAULT CHARACTER SET = utf8
COLLATE = utf8_unicode_ci;


-- -----------------------------------------------------
-- Table `sisane`.`zonaimagen`
-- -----------------------------------------------------
DROP TABLE IF EXISTS `sisane`.`zonaimagen` ;

CREATE TABLE IF NOT EXISTS `sisane`.`zonaimagen` (
  `id` INT NULL AUTO_INCREMENT,
  `id_zona` INT NULL,
  `id_imagen` INT NULL,
  INDEX `fk_zona_imagen_imagen1_idx` (`id_imagen` ASC),
  INDEX `fk_zona_imagen_zona1_idx` (`id_zona` ASC),
  PRIMARY KEY (`id`),
  CONSTRAINT `fk_zona_imagen_zona`
    FOREIGN KEY (`id_zona`)
    REFERENCES `sisane`.`zona` (`id`)
    ON DELETE SET NULL
    ON UPDATE CASCADE,
  CONSTRAINT `fk_zona_imagen_imagen`
    FOREIGN KEY (`id_imagen`)
    REFERENCES `sisane`.`imagen` (`id`)
    ON DELETE SET NULL
    ON UPDATE CASCADE)
ENGINE = InnoDB
DEFAULT CHARACTER SET = utf8
COLLATE = utf8_unicode_ci;


-- -----------------------------------------------------
-- Table `sisane`.`tipodocumento`
-- -----------------------------------------------------
DROP TABLE IF EXISTS `sisane`.`tipodocumento` ;

CREATE TABLE IF NOT EXISTS `sisane`.`tipodocumento` (
  `id` INT NOT NULL AUTO_INCREMENT,
  `descripcion` VARCHAR(255) NULL,
  PRIMARY KEY (`id`))
ENGINE = InnoDB;


-- -----------------------------------------------------
-- Table `sisane`.`documento`
-- -----------------------------------------------------
DROP TABLE IF EXISTS `sisane`.`documento` ;

CREATE TABLE IF NOT EXISTS `sisane`.`documento` (
  `id` INT NOT NULL AUTO_INCREMENT,
  `descripcion` VARCHAR(255) NULL,
  `fecha` DATETIME NULL,
  `id_tipodocumento` INT NULL,
  PRIMARY KEY (`id`),
  INDEX `fk_document_documenttype_idx` (`id_tipodocumento` ASC),
  CONSTRAINT `fk_document_tipodocumento`
    FOREIGN KEY (`id_tipodocumento`)
    REFERENCES `sisane`.`tipodocumento` (`id`)
    ON DELETE SET NULL
    ON UPDATE CASCADE)
ENGINE = InnoDB;


-- -----------------------------------------------------
-- Table `sisane`.`cargo`
-- -----------------------------------------------------
DROP TABLE IF EXISTS `sisane`.`cargo` ;

CREATE TABLE IF NOT EXISTS `sisane`.`cargo` (
  `id` INT NOT NULL AUTO_INCREMENT,
  `id_documento` INT NULL,
  `date` DATETIME NULL,
  `id_episodio` INT NULL,
  PRIMARY KEY (`id`),
  INDEX `fk_buy_document_idx` (`id_documento` ASC),
  INDEX `fk_cargo_episodio1_idx` (`id_episodio` ASC),
  CONSTRAINT `fk_cargo_documento`
    FOREIGN KEY (`id_documento`)
    REFERENCES `sisane`.`documento` (`id`)
    ON DELETE SET NULL
    ON UPDATE CASCADE,
  CONSTRAINT `fk_cargo_episodio`
    FOREIGN KEY (`id_episodio`)
    REFERENCES `sisane`.`episodio` (`id`)
    ON DELETE SET NULL
    ON UPDATE CASCADE)
ENGINE = InnoDB;


-- -----------------------------------------------------
-- Table `sisane`.`tipousuario`
-- -----------------------------------------------------
DROP TABLE IF EXISTS `sisane`.`tipousuario` ;

CREATE TABLE IF NOT EXISTS `sisane`.`tipousuario` (
  `id` INT NOT NULL AUTO_INCREMENT,
  `descripcion` VARCHAR(255) NULL,
  PRIMARY KEY (`id`))
ENGINE = InnoDB;


-- -----------------------------------------------------
-- Table `sisane`.`usuario`
-- -----------------------------------------------------
DROP TABLE IF EXISTS `sisane`.`usuario` ;

CREATE TABLE IF NOT EXISTS `sisane`.`usuario` (
  `id` INT NOT NULL AUTO_INCREMENT,
  `dni` VARCHAR(255) NULL,
  `nombre` VARCHAR(255) NULL,
  `primerapellido` VARCHAR(255) NULL,
  `segundoapellido` VARCHAR(255) NULL,
  `login` VARCHAR(255) NULL,
  `password` VARCHAR(255) NULL,
  `direccion` VARCHAR(255) NULL,
  `ciudad` VARCHAR(255) NULL,
  `codigopostal` VARCHAR(255) NULL,
  `provincia` VARCHAR(255) NULL,
  `pais` VARCHAR(255) NULL,
  `email` VARCHAR(255) NULL,
  `telefono` VARCHAR(255) NULL,
  `id_tipousuario` INT NULL,
  `id_medico` INT NULL,
  PRIMARY KEY (`id`),
  INDEX `fk_user_usertype_idx` (`id_tipousuario` ASC),
  INDEX `fk_usuario_medico1_idx` (`id_medico` ASC),
  CONSTRAINT `fk_user_usertype`
    FOREIGN KEY (`id_tipousuario`)
    REFERENCES `sisane`.`tipousuario` (`id`)
    ON DELETE SET NULL
    ON UPDATE CASCADE,
  CONSTRAINT `fk_usuario_medico`
    FOREIGN KEY (`id_medico`)
    REFERENCES `sisane`.`medico` (`id`)
    ON DELETE SET NULL
    ON UPDATE CASCADE)
ENGINE = InnoDB;


SET SQL_MODE=@OLD_SQL_MODE;
SET FOREIGN_KEY_CHECKS=@OLD_FOREIGN_KEY_CHECKS;
SET UNIQUE_CHECKS=@OLD_UNIQUE_CHECKS;




-- -------------------------------------------------------
-- -------------------------------------------------------
-- -------------------------------------------------------
-- -------------------------------------------------------
-- -------------------------------------------------------
-- -------------------------------------------------------
-- -------------------------------------------------------
-- -------------------------------------------------------
-- -------------------------------------------------------

-- phpMyAdmin SQL Dump
-- version 4.6.3
-- https://www.phpmyadmin.net/
--
-- Servidor: localhost:3306
-- Tiempo de generación: 01-12-2016 a las 11:01:36
-- Versión del servidor: 5.6.32
-- Versión de PHP: 5.6.25

SET SQL_MODE = "NO_AUTO_VALUE_ON_ZERO";
SET time_zone = "+00:00";


/*!40101 SET @OLD_CHARACTER_SET_CLIENT=@@CHARACTER_SET_CLIENT */;
/*!40101 SET @OLD_CHARACTER_SET_RESULTS=@@CHARACTER_SET_RESULTS */;
/*!40101 SET @OLD_COLLATION_CONNECTION=@@COLLATION_CONNECTION */;
/*!40101 SET NAMES utf8mb4 */;

--
-- Base de datos: `sisane`
--

--
-- Volcado de datos para la tabla `importancia`
--

INSERT INTO `importancia` (`id`, `descripcion`) VALUES
(1, 'irrelevante'),
(2, 'leve'),
(3, 'moderada'),
(4, 'severa'),
(5, 'grave'),
(6, 'muy grave'),
(7, 'crítica'),
(8, 'fatal'),
(9, 'mortal'),
(10, 'desconocida');

--
-- Volcado de datos para la tabla `medicamento`
--

INSERT INTO `medicamento` (`id`, `descripcion`) VALUES
(1, 'acetadote'),
(2, 'tylenol'),
(3, 'dulcolax'),
(4, 'hibiclens'),
(5, 'valium'),
(6, 'teveten'),
(7, 'motrin'),
(8, 'vicodin'),
(9, 'neurontin'),
(10, 'antizol'),
(11, 'isuprel'),
(12, 'mutamycin'),
(13, 'levatol'),
(14, 'trental'),
(15, 'astudal');

--
-- Volcado de datos para la tabla `posologia`
--

INSERT INTO `posologia` (`id`, `descripcion`, `id_medicamento`) VALUES
(1, 'desayuno, comida, cena', 2),
(2, 'comida, cena', 4),
(3, 'desayuno', 6),
(4, 'desayuno, cena', 1),
(5, 'cena', 8),
(6, 'desayuno, comida', 9),
(7, 'desayuno', 2),
(8, 'desayuno, comida, cena', 7),
(9, 'comida, cena', 5),
(10, 'cena', 4);

--
-- Volcado de datos para la tabla `via`
--

INSERT INTO `via` (`id`, `descripcion`, `id_medicamento`) VALUES
(1, 'Via oral', 1),
(2, 'Via sublingual', 2),
(3, 'Via topica', 3),
(4, 'Via transdermica', 4),
(5, 'Via oftalmica', 5),
(6, 'Via otica', 6),
(7, 'Via intranasal', 7),
(8, 'Via intravenosa', 8),
(9, 'Via intramuscular', 9),
(10, 'Via subcutanea', 10);

--
-- Volcado de datos para la tabla `zona`
--

INSERT INTO `zona` (`id`, `descripcion`) VALUES
(1, 'cabeza'),
(2, 'brazo'),
(3, 'torax'),
(4, 'lumbar'),
(5, 'pierna'),
(6, 'pie'),
(7, 'mano'),
(8, 'rodilla'),
(9, 'tobillo'),
(10, 'coxis');

/*!40101 SET CHARACTER_SET_CLIENT=@OLD_CHARACTER_SET_CLIENT */;
/*!40101 SET CHARACTER_SET_RESULTS=@OLD_CHARACTER_SET_RESULTS */;
/*!40101 SET COLLATION_CONNECTION=@OLD_COLLATION_CONNECTION */;


INSERT INTO `tipousuario` (`id`, `descripcion`) VALUES
(1, 'Administrador'),
(2, 'Medico'),
(3, 'Enfermero'),
(4, 'Paciente'),
(5, 'Invitado')
;

/* --------- */

INSERT INTO `usuario` (`id`, `nombre`, `primerapellido`, `login`, `password`, `direccion`, `ciudad`, `codigopostal`, `provincia`, `pais`, `email`, `telefono`, `id_tipousuario`) VALUES
(1, 'Rafael Angel', 'Aznar Aparici', 'rafael', '79063E8037FFF16D297A1FE65136F1251126CDDB2CC9870ECF8D653835538E85', 'Rambla de Alex Benito, nº 82', 'Valencia', '46552', 'València', 'Spain', 'rafaaznar@gmail.com', '66477857', 1),
(2, 'Aitana', 'Reig Lopez', 'aitrelo', 'AC93062D9123FEF765718F17E4B6E47186B2E439CE887C100140FDC865593C92', 'Rambla de Tomas Casanova, nº 71', 'Beneixida', '46678', 'València', 'Spain', 'aitrelo@ono.com', '60743959', 4),
(3, 'María Fernanda', 'López Bonet', 'marlóbo', 'DC7D44EC8D0755163D889EC8FA2CC354D808FF9388A1C3986A4445582D3841CA', 'Rambla de Pedro Pons, nº 93', 'Benicolet', '46298', 'València', 'Spain', 'marlóbo@outlook.com', '65855168', 3),
(4, 'Sergio', 'Rubio Blanco', 'serrubl', 'B4D87B11A64F81BC4146B107D775D45AC9707D035BAE6668422697E942D7ABFF', 'Paseo de Irene Soriano, nº 97', 'Albuixech', '46492', 'València', 'Spain', 'serrubl@gmail.com', '65042201', 4),
(5, 'Matías', 'Sistiaga Alvarez', 'matsial', '21EA06C4D76B8D98B8978169A1C4B557B9D61CDFD8AA71550BE28A26E1BF3AA8', 'Plaza de Juan Sebastián Hernández, nº 84', 'Beniarjó', '46936', 'València', 'Spain', 'matsial@ono.es', '63320987', 2),
(6, 'Rebeca', 'Rubio Giménez', 'rebrugi', '05315849411093A9C9C35C67CC005B00A04A0B6470DBF62BEBC34B3222BEE757', 'Camino de Abril Cabrera, nº 1', 'Bellús', '46231', 'València', 'Spain', 'rebrugi@outlook.es', '68348797', 4),
(7, 'Sophie', 'Blanco Soriano', 'sopblso', 'FEA3E102F7F9FDA8C6FD73969D37B2CCFDE7D8ED6F7A22932C5BE504CD71482F', 'Calle de Amelia Grancha, nº 10', 'Albalat dels Sorells', '46913', 'València', 'Spain', 'sopblso@ono.com', '69612290', 3),
(8, 'Agustín', 'Martinez Pons', 'agumapo', '697E8C24CF00BCF234E4D8BFAB3E6D1605EBE3690135CA388808A0D2293E02EB', 'Rambla de Javi Lopez, nº 38', 'Alpuente', '46037', 'València', 'Spain', 'agumapo@gmail.com', '66852547', 4),
(9, 'Ariadna', 'Pérez Pérez', 'aripépé', 'F0A0FAA570423FFD6DC792E0CE8C21E04BA61AE8D0223975A488FA7AE7621A13', 'Paseo de Vicente Grancha, nº 5', 'Beniparrell', '46313', 'València', 'Spain', 'aripépé@outlook.es', '66603777', 3),
(10, 'Sophie', 'Tárraga Benito', 'soptábe', 'A6887C7A3ACD9B1F5AD1B9E2108E41A9A4853336ECE697378CDE22B0FC2EE1C3', 'Rambla de Isabella Casanova, nº 18', 'Algar de Palancia', '46965', 'València', 'Spain', 'soptábe@gmail.com', '64937921', 3),
(11, 'María Paula', 'Cabrera Muñoz', 'marcamu', '4E1AB90F867F6ECA9E54B59BC0A06D289A54AA1D42BF7C307A887D5257356003', 'Camino de Ana Sofía Rodriguez, nº 72', 'Alcàsser', '46609', 'València', 'Spain', 'marcamu@hotmail.com', '68575469', 2),
(12, 'Pedro', 'Perez Carreño', 'pedpeca', 'A38219A324A1DE534B3CC9E0F622B8B1CF145A8FF5C84FEE1EB300563C7935C0', 'Plaza de Victoria Sistiaga, nº 74', 'Benicolet', '46568', 'València', 'Spain', 'pedpeca@hotmail.com', '68032607', 2),
(13, 'María Alejandra', 'Zapatero Pons', 'marzapo', 'EFBDA62059C43125514A3F9025AB768D64A7F3C21BADFEF14F7B302F923BF738', 'Paseo de Lucia Albert, nº 22', 'Benissoda', '46674', 'València', 'Spain', 'marzapo@ono.es', '61808349', 2),
(14, 'Isabella', 'Lopez Aragon', 'isaloar', 'E822ED837A912369CC843190E53319DD27030223A3D693C224307B533A5701FA', 'Paseo de Lola Lopez, nº 32', 'Alfara del Patriarca', '46689', 'València', 'Spain', 'isaloar@hotmail.com', '62089508', 3),
(15, 'Ángel', 'Fernández Soria', 'ángfeso', 'EAED9585BEA59D64DC01DC413260677EB29F9B959577AA1F523D52258D36D5FA', 'Calle de Mario Soria, nº 38', 'Albaida', '46940', 'València', 'Spain', 'ángfeso@yahoo.com', '68776929', 3),
(16, 'Nicole', 'Cabrera Casanova', 'niccaca', 'A539CC58CA55CAE2A1B8CFBC3D7C9E130683A7D30713C1E047B0209A4C87EA2A', 'Rambla de Guillermo Blanco, nº 42', 'Aielo de Rugat', '46269', 'València', 'Spain', 'niccaca@yahoo.com', '67308344', 2),
(17, 'Agustina', 'Blanco González', 'agublgo', '6403F1C1B9C654BCA9444C385097EF1A1E2E656995EED6A75D11D99614F9E436', 'Plaza de Luna Soria, nº 33', 'Beniatjar', '46753', 'València', 'Spain', 'agublgo@ono.com', '60034810', 4),
(18, 'Ana', 'Grancha Pons', 'anagrpo', '14473EB41CBD8C5F44122EC22D1760865943E7D5856FC9AFFF54DFF96EBB1B7A', 'Calle de María Alejandra Soria, nº 1', 'Alborache', '46194', 'València', 'Spain', 'anagrpo@ono.com', '67231955', 3),
(19, 'Florencia', 'Vellisca Laplaza', 'flovela', '11CBAB8CF0A55506811216B39DCA62556E28F534B404DF4CECB49976F32BA533', 'Camino de Alejandro Domínguez, nº 23', 'Aras de los Olmos', '46477', 'València', 'Spain', 'flovela@hotmail.es', '61573840', 2),
(20, 'Ana Paula', 'Alvarez Sistiaga', 'anaalsi', '3915D1E95526EB1709A18E05D362C7E340C5AB5DF90B7F1BF8806AE5042D607B', 'Avenida de Francisca Lopez, nº 27', 'Algar de Palancia', '46252', 'València', 'Spain', 'anaalsi@outlook.es', '67737147', 3),
(21, 'Guillermo', 'Moreno Moreno', 'guimomo', 'DE8C27E352C6E3627150593CAE2ACE3A6E2A85886F115C15CF8894A00EF976FE', 'Camino de Pablo Delicado, nº 68', 'Beniarjó', '46259', 'València', 'Spain', 'guimomo@hotmail.es', '64866130', 2),
(22, 'Amanda', 'Soria Fernández', 'amasofe', '65929CB762511C1A3B1FA52D2E51A9E55C00D3B421C0134272A295AB92F375EC', 'Paseo de Guillermo Grancha, nº 72', 'Bicorp', '46664', 'València', 'Spain', 'amasofe@gmail.com', '67755645', 2),
(23, 'Marco', 'Zapatero Sancho', 'marzasa', 'D6A2288C16F0628D76CDC3734835CCB7F5F0D009498C108566D11B89AF147765', 'Calle de Abigail Delicado, nº 80', 'Benetússer', '46388', 'València', 'Spain', 'marzasa@yahoo.com', '67278019', 3),
(24, 'Abigail', 'Soria Carreño', 'abisoca', 'DE81A084EA474429206AB49109AD4C8D877C52D11F6DEEA98BAA811D8421D283', 'Avenida de Malena Rodriguez, nº 95', 'Bellreguard', '46689', 'València', 'Spain', 'abisoca@ono.com', '69724139', 2),
(25, 'Juan José', 'Sancho Gutierrez', 'juasagu', '00A5148F3E0E2F90F56A7B914892B576BE77CB9C867DE4B6DFBFCC5ACA76FD10', 'Calle de Manuela Alpuente, nº 80', 'Beniarjó', '46786', 'València', 'Spain', 'juasagu@ono.es', '62605530', 2),
(26, 'Alan', 'Sistiaga Soriano', 'alasiso', '26334C0BD7C252CD486F7193D7E0BA0B589FD515A34D516C20484062D537A05E', 'Plaza de Noemí Lopez, nº 65', 'Alcàntera de Xúquer', '46476', 'València', 'Spain', 'alasiso@ono.com', '68951579', 3),
(27, 'Miguel', 'Gómez Martínez', 'miggóma', 'F8BB3333C7D3E08D557785D8D9F7C9DC228F90A259C4FD392D04798E5FB65D41', 'Avenida de Nicolás Pons, nº 50', 'Albaida', '46651', 'València', 'Spain', 'miggóma@outlook.com', '61679874', 4),
(28, 'Malena', 'Reig Lopez', 'malrelo', 'C21AC73D398E1AAF2B62AA2164B4E17BAA2794B8ECAA138BE7F605A74E0C3848', 'Calle de Benito Lopez, nº 95', 'Albuixech', '46307', 'València', 'Spain', 'malrelo@yahoo.com', '65589817', 3),
(29, 'Victoria', 'Hernández Gómez', 'vichegó', 'EEAB4D5EC7256E49CA8B62A7CDAE44120164ABCD53C025655AE31527681EE148', 'Paseo de Adriana Sancho, nº 13', 'Aras de los Olmos', '46906', 'València', 'Spain', 'vichegó@ono.es', '61310949', 3),
(30, 'Arancha', 'Garcia Martínez', 'aragama', 'C813B6DB0CB82C875761EE1CD35D94CA3120FFE9764686472BCC79ECFCCC6397', 'Paseo de Ivanna Pons, nº 49', 'Benimuslem', '46096', 'València', 'Spain', 'aragama@outlook.es', '67504132', 4),
(31, 'Luana', 'Sistiaga Martinez', 'luasima', 'B270F0D207FF24A13FD1BB147A4F4271B1F591943E117205B2C88E394A6755E2', 'Rambla de Renata Rubio, nº 80', 'Alaquàs', '46230', 'València', 'Spain', 'luasima@hotmail.es', '63909030', 3),
(32, 'Julia', 'Zapatero Carreño', 'julzaca', 'C11541FFFB4034736A64D40488B203B07BFD0A69E3B64816FDBFA56E539E1065', 'Avenida de Antonio Cabrera, nº 48', 'Benirredrà', '46958', 'València', 'Spain', 'julzaca@ono.com', '61316033', 3),
(33, 'Dante', 'Soria Reig', 'dansore', 'D304339051AC79EEAD10B9E611C32FC8EF0F290B1275B371C7AC51A09949E95E', 'Paseo de Ariana Albert, nº 85', 'Alfara del Patriarca', '46815', 'València', 'Spain', 'dansore@outlook.com', '60395604', 4),
(34, 'Hugo', 'Zapatero Ochoa', 'hugzaoc', '4FD6B0C34A95B8E8C18654FF9C42A46EA10C087B45DA7088C88D3D0678281350', 'Avenida de Florencia Cañizares, nº 64', 'Almussafes', '46770', 'València', 'Spain', 'hugzaoc@hotmail.es', '61440282', 2),
(35, 'Josefina', 'Lopez Grancha', 'joslogr', '1F85B04C20132D42C4F79C46038C612335EADA2473B913D410B5DB5193D64FA5', 'Rambla de Daniel Rodríguez, nº 74', 'Albalat dels Sorells', '46106', 'València', 'Spain', 'joslogr@ono.es', '69578638', 3),
(36, 'Camila', 'González Palomino', 'camgopa', '4782E44C4BF0070C5460AADEA42B798504BEDE45061B030F4BA3AB39EBEC6BD8', 'Calle de Julián González, nº 71', 'Antella', '46357', 'València', 'Spain', 'camgopa@outlook.com', '62393474', 2),
(37, 'Amparo', 'Gutierrez Martinez', 'ampguma', 'B602132E6DC35A5F9BBA7AECB1DFAC0609E40D9D5364E23C23A68B71C1416E94', 'Calle de Toni Sanchís, nº 87', 'Benisanó', '46020', 'València', 'Spain', 'ampguma@gmail.es', '68790052', 3),
(38, 'Bruno', 'Martínez Blanco', 'brumabl', '7A266C7F118F8533090F9CDF4637C16B2E70778DB8722392B750A3D3A515099A', 'Avenida de Fátima Benito, nº 80', 'Beniatjar', '46648', 'València', 'Spain', 'brumabl@ono.es', '66344616', 4),
(39, 'Juan Martín', 'Perez Pons', 'juapepo', 'EB5E17F4D48358209005C654BB5E7EE688140A851AB291AC4538146A214852D0', 'Camino de Carolina Soria, nº 75', 'Alfafar', '46017', 'València', 'Spain', 'juapepo@ono.com', '69175686', 3),
(40, 'Carolina', 'Cabrera Navarro', 'carcana', '7C0A972B73D1D6F69F5470AEDF7F2C47CF681933B5604E83F4885D47A099099B', 'Plaza de Iker Fernández, nº 59', 'Ayora', '46876', 'València', 'Spain', 'carcana@yahoo.es', '65015512', 3),
(41, 'Ashley', 'Tárraga Grancha', 'ashtágr', '5D2940D7271FA6D6027D6E678729B8799C3A55A2AC2F3D390940A1580855D7C6', 'Plaza de Alan Albert, nº 47', 'Alzira', '46057', 'València', 'Spain', 'ashtágr@hotmail.es', '69919030', 4),
(42, 'Emily', 'Sanchís Lopez', 'emisalo', 'B5AE7FDFA5D0604E89CA90381890C2DCAD215ED91C5172E03A71377C300694BD', 'Camino de Josefina Laplaza, nº 1', 'Benavites', '46841', 'València', 'Spain', 'emisalo@outlook.es', '62265996', 3),
(43, 'Luciano', 'Sanchez García', 'lucsaga', '25AFD3B7F3C53B874A8E93458161AF3BF5F45AE09EF545BFF51E1CFC190D4E6C', 'Rambla de Luana López, nº 11', 'Alberic', '46765', 'València', 'Spain', 'lucsaga@gmail.com', '67334494', 3),
(44, 'Marco', 'Soria Sistiaga', 'marsosi', 'FA53C5F0209164D26DCE0F73C265A5CE661114DC56854320202C94CD01D50BD2', 'Rambla de Lucía Benito, nº 29', 'Aielo de Rugat', '46911', 'València', 'Spain', 'marsosi@hotmail.es', '63174357', 2),
(45, 'Emilia', 'Gavilan Domínguez', 'emigado', 'CDAD6AEE6D0BDA3EE80BC73A862DF6B48402623D5285718FCDD1309A7016FA3B', 'Avenida de Santiago Atienza, nº 17', 'Agullent', '46143', 'València', 'Spain', 'emigado@ono.es', '62655542', 4),
(46, 'Juan Esteban', 'Navarro Gutierrez', 'juanagu', 'E42D15A0495E0BF985444F6B0A195644BEBDE1B0E362D0BF31E05297F176DE85', 'Plaza de Alejandro Blanco, nº 41', 'Alaquàs', '46420', 'València', 'Spain', 'juanagu@gmail.com', '64546872', 4),
(47, 'Thiago', 'Perez Sanchís', 'thipesa', '03C6CA7D2A8E5C4ACE9238783F2530061E2CC57B95E26F0E60F3C2ED39353BA2', 'Paseo de Irene Gutierrez, nº 26', 'Algemesí', '46566', 'València', 'Spain', 'thipesa@outlook.es', '66964993', 4),
(48, 'Juliana', 'Martinez Gavilan', 'julmaga', '3502D00160E166F7BD15244F8E57975D4D210138B665293768D8BE849D5925CD', 'Camino de Paulina Rodríguez, nº 38', 'Anna', '46910', 'València', 'Spain', 'julmaga@hotmail.com', '62755972', 2),
(49, 'Valentina', 'García López', 'valgaló', 'B9DF412A319669D5A9055309AC62047741CB9AE23EF01958F07BCAB626765DE3', 'Rambla de Alma Lopez, nº 57', 'Beneixida', '46158', 'València', 'Spain', 'valgaló@hotmail.es', '60088584', 2),
(50, 'Simón', 'Vellisca Gavilan', 'simvega', 'F68973FF5838AB035A83D6467D81C780372A3EACC9F95AA78B0F73E6B8D7A6F5', 'Plaza de María José Garcia, nº 82', 'Algimia de Alfara', '46703', 'València', 'Spain', 'simvega@outlook.es', '60337173', 3),
(51, 'Santino', 'Martín Sancho', 'sanmasa', '02F548E53F6A0BD00F33334896553393B70D1845570B6E1004960BE89E21347D', 'Paseo de Ignacio López, nº 97', 'Alfara de Algimia', '46323', 'València', 'Spain', 'sanmasa@hotmail.es', '69820939', 3),
(52, 'Adrián', 'Alvarez Giménez', 'adralgi', '1221A059F7082DA172211F3D5F24E455D01419D0EF3BE5A4580E1513DAFB0F20', 'Plaza de Sara Sofía Muñoz, nº 88', 'Alfarp', '46639', 'València', 'Spain', 'adralgi@outlook.es', '60400545', 2),
(53, 'Andrea', 'Albert González', 'andalgo', 'D717239F62E6B4EDDB5961D6D9423D5A149E92FC13F5DEAAF568FF2F26644455', 'Camino de Rafael Reig, nº 26', 'Beniparrell', '46324', 'València', 'Spain', 'andalgo@hotmail.com', '69476886', 2),
(54, 'Samuel', 'Cuerda Grancha', 'samcugr', '269A5DD131F56781332ADE1F14C4B2E072367B1B3693D603E2F89AB9C1B4069B', 'Rambla de Jesús Gutierrez, nº 35', 'Bellús', '46959', 'València', 'Spain', 'samcugr@yahoo.com', '66260350', 4),
(55, 'Andrés', 'Navarro Lopez', 'andnalo', '2856482DDA9E31A08EB8A07D6E529EFC607FAB897399799B12BD8FA2DC456CB3', 'Calle de Allison González, nº 32', 'Alfauir', '46931', 'València', 'Spain', 'andnalo@outlook.es', '61181217', 3),
(56, 'Valentín', 'Alpuente Sancho', 'valalsa', '5DB44D060286D8474479C6EC07C84523E10D1604353ACCC4B3DAD9E0B4AED086', 'Plaza de Mateo Blanco, nº 39', 'Alcublas', '46432', 'València', 'Spain', 'valalsa@outlook.com', '68999995', 3),
(57, 'Adela', 'Benito Soria', 'adebeso', '63D6D0C9CB928E3DFF208F9592565BEB1B46C737C7010CD949955737DD7562FF', 'Paseo de Delfina Lopez, nº 32', 'Benavites', '46866', 'València', 'Spain', 'adebeso@ono.es', '60162090', 2),
(58, 'Ana Sofía', 'Lopez Gutierrez', 'analogu', '820CB8BF8A24BFBC131B715E336C4FF7CB8D02A3B9DA2B53F4F8CD4A347C94AB', 'Avenida de Alexa Navarro, nº 19', 'Bellús', '46240', 'València', 'Spain', 'analogu@outlook.com', '66446371', 4),
(59, 'Luciano', 'Laplaza Ochoa', 'luclaoc', '4D7032E7402324EB2CEAC791D8A16DAB267E9CFCB8271147C2ED95712AC33C37', 'Camino de Paulina Blanco, nº 74', 'Benisanó', '46170', 'València', 'Spain', 'luclaoc@gmail.com', '60507835', 4),
(60, 'Alejandra', 'Rodriguez Sanchez', 'alerosa', 'EBA7FA9952E2ED097CC8658E220D37AE429221F9CAC8D513CF122409A3F34DAD', 'Calle de Sandra Alpuente, nº 65', 'Alaquàs', '46196', 'València', 'Spain', 'alerosa@gmail.com', '61513260', 2),
(61, 'Amparo', 'Atienza Grancha', 'ampatgr', '2A1E7A8453A7667206C8E039238F10B9413990C57B64396ADD9E907631756661', 'Calle de Zoe Lopez, nº 62', 'Benifairó de la Valldigna', '46565', 'València', 'Spain', 'ampatgr@gmail.com', '69378416', 4),
(62, 'Catalina', 'Sanchez Fernández', 'catsafe', 'A10A2DD9255CB92A1BAB64330ED177AD3C3225D8BB9706AAE8A2C3957C170DF0', 'Calle de Juan José Sanchís, nº 12', 'Ayora', '46696', 'València', 'Spain', 'catsafe@gmail.com', '65834370', 2),
(63, 'Lucia', 'García Cuerda', 'lucgacu', 'D7AD891F048459596A76D800B237BC909DD274DA2AACB5F6D5D0A1CD232F1673', 'Plaza de Diana Martinez, nº 11', 'Algar de Palancia', '46591', 'València', 'Spain', 'lucgacu@ono.com', '62908967', 2),
(64, 'María Camila', 'Atienza Tárraga', 'marattá', '5D868DA160AC56FB1DE34943EA0D17292EEA7A1B7904FC35201A986BD4D00EF1', 'Camino de Romina Pérez, nº 40', 'Alboraya', '46682', 'València', 'Spain', 'marattá@gmail.com', '60181484', 3),
(65, 'Juan Manuel', 'Blanco Casanova', 'juablca', 'E8B3371F50FF53BD3541B51D483D74D5CF8C9BB5B0DB88BC6EEDD0FFCA47B1E7', 'Avenida de Alejandra Palomino, nº 56', 'Agullent', '46148', 'València', 'Spain', 'juablca@outlook.es', '63419114', 2),
(66, 'Bautista', 'Rubio Blanco', 'baurubl', 'F9F6DF9FFBA61CAC3B3A19883F4BDE33FFCD42F53C36EA38D6012C95A263DC03', 'Plaza de Ricardo Tárraga, nº 86', 'Benicolet', '46168', 'València', 'Spain', 'baurubl@gmail.es', '65847455', 4),
(67, 'Christian', 'Albert Pérez', 'chralpé', 'EAA1C96ADA1DEDA29DC8B65A0CC5D13D50077558C65F01094DA3E2F3C9E21DB6', 'Plaza de Diana Gómez, nº 18', 'Beniparrell', '46679', 'València', 'Spain', 'chralpé@yahoo.es', '63394289', 2),
(68, 'Lorenzo', 'Gavilan Grancha', 'lorgagr', 'D592D2C7B8BE310953FF9A7004103F75BA0C9FA76390CD89077B88EF1747C8A8', 'Calle de Juan Manuel Montoya, nº 81', 'Bocairent', '46601', 'València', 'Spain', 'lorgagr@outlook.com', '61225840', 2),
(69, 'Manuel', 'Pérez Rodríguez', 'manpéro', '4AB60EEC30372F9FEF7C1D1C2543C371D9B4220EF166ABBED8A95EF7C9000C30', 'Camino de Lola Albert, nº 20', 'Andilla', '46217', 'València', 'Spain', 'manpéro@ono.es', '67459006', 2),
(70, 'Lautaro', 'Gutierrez Martinez', 'lauguma', '6B0D1A3D7225D1019D7A808C2AF2840C5F931B93D8766DBF9666AF7B833136E1', 'Plaza de María Alejandra Urkullu, nº 31', 'Alaquàs', '46841', 'València', 'Spain', 'lauguma@gmail.com', '65226319', 3),
(71, 'Juan José', 'Carreño Rodríguez', 'juacaro', '36381F314E8FEAFFAACE5F399635409C102D2861B770D4A0F5D5281C1D4A67C5', 'Paseo de José Laplaza, nº 75', 'Albalat de la Ribera', '46242', 'València', 'Spain', 'juacaro@yahoo.com', '61622068', 4),
(72, 'Daniela', 'Martínez Gavilan', 'danmaga', '48A2CA121318DDC5AA61D81D71C2E624AF25A79B06E4C4B765189966E76C6753', 'Calle de Valery Palomino, nº 62', 'Alcàntera de Xúquer', '46987', 'València', 'Spain', 'danmaga@hotmail.com', '67121564', 2),
(73, 'Javier', 'Pérez Casanova', 'javpéca', 'B67D730105BD23099AF98A28B098C33353BC49C670AAE3644B07CD8A035D6B2C', 'Calle de Cristóbal Urkullu, nº 62', 'Aras de los Olmos', '46451', 'València', 'Spain', 'javpéca@ono.es', '67512594', 4),
(74, 'Manuel', 'Martínez Muñoz', 'manmamu', '44F13D5FDA3C81E0DA8B914494C23571F4AF318C7564531EEF021F1C016AB17B', 'Paseo de Ricardo Laplaza, nº 93', 'Alfauir', '46882', 'València', 'Spain', 'manmamu@gmail.es', '67766546', 4),
(75, 'Christian', 'Rodriguez Gutierrez', 'chrrogu', '91ADBAF557932982B8E700095B24BAB47D611512C7E0E30284D5C713034F6C3C', 'Rambla de Lucas Soria, nº 26', 'Alfarrasí', '46990', 'València', 'Spain', 'chrrogu@ono.com', '66008729', 4),
(76, 'Romina', 'Ochoa Gavilan', 'romocga', 'B899DD4F690F4DC66A1A4EEC6BB2F1EC0721C94FD8B8F9FACE9E2BB8DCC51901', 'Rambla de Nicolás Perez, nº 53', 'Benifairó de la Valldigna', '46713', 'València', 'Spain', 'romocga@gmail.com', '66606607', 4),
(77, 'Vicente', 'Martín Gutierrez', 'vicmagu', '42A91DAABF155FC69AC7745D142CCB79738CC06109BC474507B19B6D6196A437', 'Calle de Christian Garrido, nº 33', 'Benigánim', '46965', 'València', 'Spain', 'vicmagu@outlook.com', '65269412', 3),
(78, 'Fátima', 'Pérez Cabrera', 'fátpéca', 'FFF58CD6D9F05E7C923344B2F605ECEB4C7DF38FCAF7B4FCFA8A17F9F253CE74', 'Camino de Alonso Bonet, nº 53', 'Beneixida', '46532', 'València', 'Spain', 'fátpéca@yahoo.es', '62316631', 2),
(79, 'Javi', 'Montoya Martín', 'javmoma', '792FC91C609D8A8EFC249F2E7BF89CA5CFD45E618B24AC39F6B63F8E0D51FCE6', 'Avenida de Abigail Moreno, nº 83', 'Benavites', '46506', 'València', 'Spain', 'javmoma@hotmail.es', '67086163', 3),
(80, 'Lola', 'Navarro Delicado', 'lolnade', 'C8BEAC5B9AEFC85078EC2A86249ACE911F984E0D7D69801ECF88C39F2E70B188', 'Camino de Antonia Rubio, nº 26', 'Benifairó de la Valldigna', '46121', 'València', 'Spain', 'lolnade@yahoo.es', '68035683', 2),
(81, 'Josué', 'Grancha Cabrera', 'josgrca', '084C7A280FB8EBDCA2538F13171C363415782E44763CED599E7F65F8EC66817A', 'Paseo de Pedro Carreño, nº 12', 'Albalat dels Sorells', '46198', 'València', 'Spain', 'josgrca@hotmail.es', '65836238', 3),
(82, 'Josué', 'Alpuente Alpuente', 'josalal', '09317EA850667E8A52E75CA6A606482F443ACCA127F577BDCD31C1928879B0C7', 'Avenida de Emma Muñoz, nº 36', 'Alfarrasí', '46440', 'València', 'Spain', 'josalal@outlook.com', '64654635', 4),
(83, 'Ricardo', 'Martín Ochoa', 'ricmaoc', 'BE89D86A527CBC28730AA7C29E177961DAD3CC974BB9446C4156587063BF7EF3', 'Camino de Jazmín Martínez, nº 56', 'Alcàsser', '46172', 'València', 'Spain', 'ricmaoc@outlook.com', '67024991', 4),
(84, 'Matías', 'Gutierrez Vellisca', 'matguve', '6756834E0E5C31DE0A6637330A5B9DDAA19A62A96D74E9EEA776A1C7EC609752', 'Plaza de Axel Albert, nº 41', 'Albaida', '46105', 'València', 'Spain', 'matguve@ono.com', '68779916', 4),
(85, 'Manuela', 'Albert Martín', 'manalma', '4D6D5BB0A8CA1FD865371AA1B9F46FA56E55170BE32EC79DFEF006500AC70790', 'Avenida de Esteban González, nº 44', 'Almàssera', '46287', 'València', 'Spain', 'manalma@yahoo.com', '68980564', 4),
(86, 'Jacobo', 'Aragon Rubio', 'jacarru', '5EFBDA1AFD41B9D3B1863B7845262D57DE62659315E8805223C10CEE036FB8B7', 'Avenida de Jorge Benito, nº 81', 'Benifairó de les Valls', '46511', 'València', 'Spain', 'jacarru@outlook.es', '60840797', 2),
(87, 'Mariana', 'Urkullu Grancha', 'marurgr', '789500DF5B72478ED1272C9DFA07EFA8A72F04CD227C5FF93FF00DA8C0FF454C', 'Rambla de Amanda Montoya, nº 63', 'Benimuslem', '46640', 'València', 'Spain', 'marurgr@outlook.com', '64744794', 3),
(88, 'Samantha', 'Martín Urkullu', 'sammaur', '58B08C3BA5394B4E5C69BFE4A824C9F265BA245071E43575C74FB2194454067D', 'Camino de Salomé Garcia, nº 30', 'Bicorp', '46973', 'València', 'Spain', 'sammaur@yahoo.es', '65378980', 4),
(89, 'Maximiliano', 'Sanchís Gómez', 'maxsagó', '309C979A37B7F87E2AE281442700A2B16AB929F1EAECDF81AD9A9DE850FD77D4', 'Rambla de María Paula Lopez, nº 67', 'Anna', '46788', 'València', 'Spain', 'maxsagó@yahoo.com', '68437077', 3),
(90, 'Emmanuel', 'Benito Gutierrez', 'emmbegu', '58B8F22090BBD5D381C521ADDC1F686EB2E66FF19864B633696DE56650EF29D4', 'Paseo de Guadalupe Montoya, nº 6', 'Aldaia', '46272', 'València', 'Spain', 'emmbegu@outlook.com', '64519560', 2),
(91, 'Ariadna', 'Martínez Muñoz', 'arimamu', '130686234A9FE999867F05AD2EC63C6B17B5D966E0772B960134EA37338BFB10', 'Camino de Valentina Martínez, nº 71', 'Ayora', '46901', 'València', 'Spain', 'arimamu@outlook.es', '62188404', 2),
(92, 'Juan Pablo', 'Domínguez Lopez', 'juadolo', '9FDAC1466227F318701363E992A043B21CA32EEDCBD1A44373BD79F730788565', 'Rambla de Lucas Belmonte, nº 19', 'Bocairent', '46504', 'València', 'Spain', 'juadolo@outlook.es', '65482420', 4),
(93, 'María Fernanda', 'Gutierrez Rodríguez', 'marguro', '0FA6A056CB136AC6F6D1A906E0BE1050B35BCEE6BCD319495A3CD53D416BBD72', 'Camino de Diego Alejandro Domínguez, nº 52', 'Alcàntera de Xúquer', '46554', 'València', 'Spain', 'marguro@ono.com', '61384236', 4),
(94, 'Mariangel', 'Garcia Pons', 'margapo', '8B1234BA67EC8126AF215F6A29D2328B6569F8F2A8E5FD3EA5A2876027EC3655', 'Avenida de Ángel Muñoz, nº 89', 'Bellreguard', '46837', 'València', 'Spain', 'margapo@yahoo.com', '67995915', 3),
(95, 'Manuel', 'Pons Lopez', 'manpolo', '5CA27D2CDE2A89D6466AAC80A764DEAB8E7A144D547119FA83E648734FAE986E', 'Rambla de Micaela Alvarez, nº 94', 'Benifairó de les Valls', '46917', 'València', 'Spain', 'manpolo@gmail.com', '68084390', 4),
(96, 'Matthew', 'Rodriguez Benito', 'matrobe', '6A87BFF4F979B9213A0F7EABF8A54927305D4102B48E75FE67C5E3885A0F492F', 'Plaza de Juan Manuel Reig, nº 77', 'Algar de Palancia', '46860', 'València', 'Spain', 'matrobe@ono.es', '66756641', 3),
(97, 'Amparo', 'Gavilan García', 'ampgaga', '7832AA01925BF0EEB3FABB73288F072FD352D40F97728D25520B830AF4522750', 'Avenida de Constanza Soria, nº 53', 'Aielo de Rugat', '46859', 'València', 'Spain', 'ampgaga@gmail.es', '68483674', 3),
(98, 'Delfina', 'Garrido Gutierrez', 'delgagu', '73DF9633D58860AF68B0F37919FBECF3F064ABA16A9F131DA82A401AA782FBF7', 'Paseo de Adela López, nº 95', 'Albal', '46010', 'València', 'Spain', 'delgagu@yahoo.com', '60851281', 4),
(99, 'Vicente', 'López Sancho', 'viclósa', '20213934318D4EBBF43D1D4AAC2066105B023FE79A8AF275F85B79394233C891', 'Paseo de María Camila Bonet, nº 46', 'Barxeta', '46903', 'València', 'Spain', 'viclósa@outlook.es', '63879964', 3),
(100, 'Sergio', 'Alpuente Delicado', 'seralde', '9226F5DF4F2F7889D5566583ADE6E02E1B03D4F8D7A4E72D2AB07E07F0C83AEB', 'Camino de Paco Moreno, nº 10', 'Benetússer', '46909', 'València', 'Spain', 'seralde@gmail.com', '63836938', 2),
(101, 'Ricardo', 'Bonet López', 'ricboló', '126D549E747ABFBD7193E56CF95ABCAF717C73E098D845B5564FE8716E6940E0', 'Avenida de Tomas Martinez, nº 35', 'Andilla', '46540', 'València', 'Spain', 'ricboló@outlook.es', '61693371', 4);


INSERT INTO `anticoagulante` (`id`, `descripcion`) VALUES
(1, 'Inhibidores de la vitamina K'),
(2, 'Inhibidores directos de trombina'),
(3, 'Inhibidores directos del factor Xa'),
(4, 'Anticoagulantes orales directos (ACODs)'),
(5, 'Rivaroxaban'),
(6, 'Apixaban'),
(7, 'Edoxaban'),
(8, 'lepirudina'),
(9, 'argatrobán'),
(10, 'deshirudina');


INSERT INTO `tipomuestra` (`id`, `descripcion`) VALUES
(1, 'sangre'),
(2, 'heces'),
(3, 'orina'),
(4, 'esputo'),
(5, 'punción'),
(6, 'biopsia'),
(7, 'semen'),
(8, 'piel'),
(9, 'mucosa'),
(10, 'flujo vaginal');

INSERT INTO `tecnica` (`id`, `descripcion`) VALUES
(1, 'artroscopia'),
(2, 'ortoscopía'),
(3, 'gastroscopia'),
(4, 'angiografía'),
(5, 'ecografia'),
(6, 'laparoscopia'),
(7, 'mamografía'),
(8, 'rayos x'),
(9, 'urografía'),
(10, 'resonancia magnética');

INSERT INTO `especialidad` (`id`, `descripcion`) VALUES
(1, 'Anatomía patológica'),
(2, 'Anestesiología y reanimación.'),
(3, 'Cirugía general y del aparato digestivo.'),
(4, 'Medicina familiar y comunitaria.'),
(5, 'Medicina interna.'),
(6, 'Neumología'),
(7, 'Neurocirugía'),
(8, 'Neurología'),
(9, 'Obstetricia y ginecología.'),
(10, 'Oftalmología'),
(11, 'Otorrinolaringología'),
(12, 'Pediatría'),
(13, 'Psiquiatría'),
(14, 'Traumatología'),
(15, 'Urología'),
(16, 'Alergóloga'),
(17, 'Inmunología'),
(18, 'Nefrología'),
(19, 'Neurofisiología'),
(20, 'Reumatología'),
(21, 'Microbiología');


INSERT INTO `servicio` (`id`, `descripcion`) VALUES
(1, 'Anatomía'),
(2, 'Anestesiología y reanimación'),
(3, 'Cirugía general'),
(4, 'Medicina familiar'),
(5, 'Medicina interna'),
(6, 'Neumología'),
(7, 'Neurocirugía'),
(8, 'Neurología'),
(9, 'Obstetricia y ginecología.'),
(10, 'Oftalmología'),
(11, 'Otorrinolaringología'),
(12, 'Pediatría'),
(13, 'Psiquiatría'),
(14, 'Traumatología'),
(15, 'Urología'),
(16, 'Digestivo');


INSERT INTO `tipo` (`id`, `descripcion`) VALUES
(1, 'urgencias'),
(2, 'consultas externas'),
(3, 'hospitalización'),
(4, 'atención quirúrgica'),
(5, 'atención obstétrica'),
(6, 'hospitalización de día'),
(7, 'atención al dolor'),
(8, 'seguimiento hospitalario de un paciente ingresado'),
(9, 'consulta de seguimiento programada'),
(10, 'administración de tratamiento'),
(11, 'cura de urgencias'),
(12, 'monitorización');


INSERT INTO `tipodocumento` (`id`, `descripcion`) VALUES
(1, 'factura'),
(2, 'informe de gastos');

INSERT INTO `prioridad` (`id`, `descripcion`) VALUES
(1, 'muy baja'),
(2, 'baja'),
(3, 'media'),
(4, 'alta'),
(5, 'muy alta'),
(6, 'preferente');

INSERT INTO `tipodiagnostico` (`id`, `descripcion`) VALUES
(1, 'real'),
(2, 'de riesgo'),
(3, 'posible'),
(4, 'de síndrome'),
(5, 'diferencial'),
(6, 'genérico'),
(7, 'nosológico'),
(8, 'patogenético'),
(9, 'presuntivo'),
(10, 'sindrómico'),
(11, 'sintomático'),
(12, 'cierto'),
(13, 'clínico'),
(14, 'etiológico'),
(15, 'anatómico');



INSERT INTO `imagen` (`id`, `descripcion`, `fecha`, `ubicacion`, `id_tecnica`) VALUES
(1, 'Imagen de tipo educativa', '2016-11-26 00:00:00', 'Cabeza', 3),
(2, 'Imagen de tipo sanitaria', '2016-11-28 00:00:00', 'Troco', 1),
(3, 'Imagen de tipo bucodental', '2016-11-13 00:00:00', 'Troco lateral', 2),
(4, 'Imagen mostrando un corazon', '2016-11-16 00:00:00', 'Bucal', 4),
(5, 'Imagen imitando un pulmon fumador', '2016-11-18 00:00:00', 'Maxilar', 5),
(6, 'Imagen de voluntarios cruz roja', '2016-11-21 00:00:00', 'Craneal', 6),
(7, 'Imagen de ambulancias de urgencia', '2016-11-20 00:00:00', 'Dorsal', 6),
(8, 'Imagen de operacion de urgencia', '2016-11-14 00:00:00', 'Lumbar', 7),
(9, 'Imagen de enfermo cronico', '2016-11-11 00:00:00', 'Lateral', 8),
(10, 'Imagen mostrando el funcionamiento de una incubadora', '2016-11-30 00:00:00', 'Pierna derecha', 8);


INSERT INTO `zonaimagen` (`id`, `id_zona`, `id_imagen`) VALUES
(1, 1, 5),
(2, 8, 1),
(3, 7, 2),
(4, 8, 9),
(5, 9, 8);



INSERT INTO `analitica` (`id`, `informe`, `fecha_peticion`, `importe`, `id_tipomuestra`, `id_anticoagulante`, `id_prioridad`) VALUES
(1, 'Phasellus eu mollis nisi, ac scelerisque nunc. Nullam sed erat tortor. Proin laoreet, nibh vel volutpat feugiat, libero dolor consectetur ligula, ut maximus odio enim at quam. Ut hendrerit urna ligula, a mollis nunc fermentum ut. Donec vehicula mattis est, ornare convallis enim ornare a. Nullam iaculis tellus id mauris finibus rhoncus. Nulla metus velit, accumsan commodo augue eget, dignissim consequat mi. In quis tellus ante. Donec mollis ullamcorper blandit. Ut sagittis neque sapien, ullamcorper facilisis nulla eleifend facilisis. Ut a feugiat libero. Suspendisse potenti. Fusce fringilla ex metus, ac venenatis dui hendrerit sit amet. Aliquam erat volutpat. Mauris molestie lacus ac nisi tempor, consectetur consectetur dui luctus. Fusce vestibulum augue vel dui dictum pulvinar.', '2016-12-13 00:00:00', 120, 1, 2, 2),
(2, 'Proin ac vestibulum dui. Morbi justo ipsum, ultricies ut ultrices in, rhoncus a enim. Aliquam semper, tellus quis eleifend eleifend, quam magna dictum ex, quis maximus mi erat quis justo. Pellentesque habitant morbi tristique senectus et netus et malesuada fames ac turpis egestas. Quisque rhoncus luctus volutpat. Proin quis dignissim leo, sit amet finibus libero. Suspendisse potenti. Integer sed finibus libero, in dapibus tellus. Donec mollis lectus vitae pulvinar laoreet. Maecenas varius neque eget pulvinar gravida. Duis tincidunt, odio non posuere sagittis, libero felis ullamcorper odio, suscipit suscipit elit erat sit amet felis. Aliquam volutpat ullamcorper est vel maximus.', '2016-10-04 06:00:00', 335, 8, 9, 4),
(3, 'Proin quis dignissim leo, sit amet finibus libero. Suspendisse potenti. Integer sed finibus libero, in dapibus tellus. Donec mollis lectus vitae pulvinar laoreet. Maecenas varius neque eget pulvinar gravida. Duis tincidunt, odio non posuere sagittis, libero felis ullamcorper odio, suscipit suscipit elit erat sit amet felis. Aliquam volutpat ullamcorper est vel maximus.', '2016-12-25 00:00:00', 2667, 6, 2, 4),
(4, 'Duis tincidunt, odio non posuere sagittis, libero felis ullamcorper odio, suscipit suscipit elit erat sit amet felis. Aliquam volutpat ullamcorper est vel maximus.', '2016-07-04 00:00:00', 4543, 4, 5, 2),
(5, 'Vestibulum elementum metus erat. Sed augue risus, pharetra in imperdiet luctus, sagittis sit amet enim. Curabitur nec placerat urna. Pellentesque id purus mauris. Aliquam sit amet congue ligula. In metus tellus, interdum id lacus at, luctus aliquet neque. Sed eu diam ut lectus fermentum iaculis. Nulla pharetra metus et sem tempus dignissim. Cras ornare ac urna ut condimentum. Aliquam ut ipsum ullamcorper, accumsan arcu a, rhoncus metus.', '2016-12-26 00:00:00', 4113, 9, 2, 3),
(6, 'Integer imperdiet, nisi at fringilla porta, diam augue tempus felis, eu dictum odio arcu elementum felis. Phasellus convallis urna vulputate dolor vestibulum malesuada. Donec quis lectus ipsum. Suspendisse pharetra, magna at cursus vulputate, tellus felis hendrerit dui, at auctor nunc lacus ac eros. Nunc lorem felis, semper id libero vulputate, egestas lobortis massa. Nam feugiat, elit id luctus facilisis, mi nunc facilisis neque, a posuere enim libero sed justo. Vestibulum elementum metus erat. Sed augue risus, pharetra in imperdiet luctus, sagittis sit amet enim. Curabitur nec placerat urna. Pellentesque id purus mauris. Aliquam sit amet congue ligula. In metus tellus, interdum id lacus at, luctus aliquet neque. Sed eu diam ut lectus fermentum iaculis.', '2016-12-05 00:00:00', 1112, 3, 8, 6),
(7, 'Nam feugiat, elit id luctus facilisis, mi nunc facilisis neque, a posuere enim libero sed justo. Vestibulum elementum metus erat. Sed augue risus, pharetra in imperdiet luctus, sagittis sit amet enim. Curabitur nec placerat urna. Pellentesque id purus mauris. Aliquam sit amet congue ligula.', '2016-12-04 00:00:00', 12113, 4, 2, 5),
(8, 'Integer imperdiet, nisi at fringilla porta, diam augue tempus felis, eu dictum odio arcu elementum felis. Phasellus convallis urna vulputate dolor vestibulum malesuada. Donec quis lectus ipsum. Suspendisse pharetra, magna at cursus vulputate, tellus felis hendrerit dui, at auctor nunc lacus ac eros. Nunc lorem felis, semper id libero vulputate, egestas lobortis massa. Nam feugiat, elit id luctus facilisis, mi nunc facilisis neque, a posuere enim libero sed justo. Vestibulum elementum metus erat. Sed augue risus, pharetra in imperdiet luctus, sagittis sit amet enim. Curabitur nec placerat urna. Pellentesque id purus mauris. Aliquam sit amet congue ligula. In metus tellus, interdum id lacus at, luctus aliquet neque. Sed eu diam ut lectus fermentum iaculis. Nulla pharetra metus et sem tempus dignissim. Cras ornare ac urna ut condimentum. Aliquam ut ipsum ullamcorper, accumsan arcu a, rhoncus metus.', '2016-12-12 00:00:00', 2331, 7, 3, 4),
(9, 'Nunc lorem felis, semper id libero vulputate, egestas lobortis massa. Nam feugiat, elit id luctus facilisis, mi nunc facilisis neque, a posuere enim libero sed justo. Vestibulum elementum metus erat. Sed augue risus, pharetra in imperdiet luctus, sagittis sit amet enim. Curabitur nec placerat urna. Pellentesque id purus mauris. Aliquam sit amet congue ligula.', '2016-05-02 00:00:00', 3211, 2, 6, 1),
(10, 'Integer imperdiet, nisi at fringilla porta, diam augue tempus felis, eu dictum odio arcu elementum felis. Phasellus convallis urna vulputate dolor vestibulum malesuada. Donec quis lectus ipsum. Suspendisse pharetra, magna at cursus vulputate, tellus felis hendrerit dui, at auctor nunc lacus ac eros. Nunc lorem felis, semper id libero vulputate, egestas lobortis massa. Nam feugiat, elit id luctus facilisis, mi nunc facilisis neque, a posuere enim libero sed justo. Vestibulum elementum metus erat. Sed augue risus, pharetra in imperdiet luctus, sagittis sit amet enim. Curabitur nec placerat urna. Pellentesque id purus mauris. Aliquam sit amet congue ligula. In metus tellus, interdum id lacus at, luctus aliquet neque. Sed eu diam ut lectus fermentum iaculis. Nulla pharetra metus et sem tempus dignissim. Cras ornare ac urna ut condimentum. Aliquam ut ipsum ullamcorper, accumsan arcu a, rhoncus metus.', '2016-12-12 00:00:00', 1000, 2, 6, 2),
(11, 'Integer imperdiet, nisi at fringilla porta, diam augue tempus felis, eu dictum odio arcu elementum felis. Phasellus convallis urna vulputate dolor vestibulum malesuada. Donec quis lectus ipsum. Suspendisse pharetra, magna at cursus vulputate, tellus felis hendrerit dui, at auctor nunc lacus ac eros. Nunc lorem felis, semper id libero vulputate, egestas lobortis massa. Nam feugiat, elit id luctus facilisis, mi nunc facilisis neque, a posuere enim libero sed justo. Vestibulum elementum metus erat. Sed augue risus, pharetra in imperdiet luctus, sagittis sit amet enim. Curabitur nec placerat urna. Pellentesque id purus mauris. Aliquam sit amet congue ligula. In metus tellus, interdum id lacus at, luctus aliquet neque. Sed eu diam ut lectus fermentum iaculis. Nulla pharetra metus et sem tempus dignissim. Cras ornare ac urna ut condimentum. Aliquam ut ipsum ullamcorper, accumsan arcu a, rhoncus metus. Integer imperdiet, nisi at fringilla porta, diam augue tempus felis, eu dictum odio arcu elementum felis. Phasellus convallis urna vulputate dolor vestibulum malesuada. Donec quis lectus ipsum. Suspendisse pharetra, magna at cursus vulputate, tellus felis hendrerit dui, at auctor nunc lacus ac eros. Nunc lorem felis, semper id libero vulputate, egestas lobortis massa. Nam feugiat, elit id luctus facilisis, mi nunc facilisis neque, a posuere enim libero sed justo. Vestibulum elementum metus erat. Sed augue risus, pharetra in imperdiet luctus, sagittis sit amet enim. Curabitur nec placerat urna. Pellentesque id purus mauris. Aliquam sit amet congue ligula. In metus tellus, interdum id lacus at, luctus aliquet neque. Sed eu diam ut lectus fermentum iaculis. Nulla pharetra metus et sem tempus dignissim. Cras ornare ac urna ut condimentum. Aliquam ut ipsum ullamcorper, accumsan arcu a, rhoncus metus.', '2016-12-18 00:00:00', 1229, 10, 1, 3),
(12, 'Cras ornare ac urna ut condimentum. Aliquam ut ipsum ullamcorper, accumsan arcu a, rhoncus metus.', '2016-12-04 00:00:00', 322, 2, 5, 5);


INSERT INTO `documento` (`id`, `descripcion`, `fecha`, `id_tipodocumento`) VALUES
(1, 'Estancia hospitalaria', '2016-12-13 00:00:00', 1),
(2, 'Ingreso', '2016-12-05 00:00:00', 2),
(3, 'Cargo por consulta', '2016-12-05 00:00:00', 1),
(4, 'Proin ac vestibulum dui. ', '2016-08-21 00:00:00', 2),
(5, 'Integer imperdiet, nisi at fringilla porta, diam augue tempus felis, eu dictum odio arcu elementum felis.', '2016-12-12 00:00:00', 1),
(6, 'Cras ornare ac urna ut condimentum. Aliquam ut ipsum ullamcorper, accumsan arcu a, rhoncus metus.', '2016-12-19 00:00:00', 1),
(7, 'Aliquam sit amet congue ligula. In metus tellus, interdum id lacus at, luctus aliquet neque. ', '2016-12-05 00:00:00', 2),
(8, 'rhoncus metus', '2016-12-28 00:00:00', 1),
(9, 'id purus mauris. Aliquam sit amet', '2016-12-12 00:00:00', 1),
(10, ' ac urna ut condimentum', '2016-12-05 00:00:00', 1),
(11, 'elementum metus erat. Sed augue risus', '2016-12-20 00:00:00', NULL),
(12, 'Integer a vulparcu, rhoncus metus.', '2016-12-06 00:00:00', 1);




INSERT INTO `medico` (`id`, `id_servicio`, `id_especialidad`) VALUES
(1, 3, 10),
(2, 2, 12),
(3, 14, 8),
(4, 8, 19),
(5, 4, 17),
(6, 6, 15),
(7, 6, 10),
(8, 4, 11),
(9, 16, 16),
(10, 3, 5),
(11, 14, 21),
(12, 4, 3),
(13, 6, 9),
(14, 16, 3),
(15, 7, 3),
(16, 7, 2),
(17, 15, 8);



INSERT INTO `paciente` (`id`, `dni`, `name`, `primer_apellido`, `segundo_apellido`, `login`, `password`, `estado`, `direccion`, `ciudad`, `codigopostal`, `provincia`, `pais`, `email`, `telefono`, `id_servicio`, `fecha_salida`) VALUES
(1, '5345345345', 'Jose', 'Rodríguez', 'Rodríguez', NULL, NULL, NULL, NULL, NULL, NULL, NULL, NULL, NULL, NULL, 1, '2016-12-04 00:00:00'),
(2, '5345345777', 'Antonia', 'Rodríguez', 'Rodríguez', NULL, NULL, NULL, NULL, NULL, NULL, NULL, NULL, NULL, NULL, 2, '2016-12-04 00:00:00'),
(3, '534867867', 'Juana', 'Rodríguez', 'Rodríguez', NULL, NULL, NULL, NULL, NULL, NULL, NULL, NULL, NULL, NULL, 3, '2016-12-04 00:00:00'),
(4, '535357457', 'Pepa', 'Rodríguez', 'Rodríguez', NULL, NULL, NULL, NULL, NULL, NULL, NULL, NULL, NULL, NULL, 5, '2016-12-04 00:00:00'),
(5, '5378678678', 'Rodrigo', 'Rodríguez', 'Rodríguez', NULL, NULL, NULL, NULL, NULL, NULL, NULL, NULL, NULL, NULL, 7, '2016-12-04 00:00:00'),
(6, '53453453458', 'Ana', 'Rodríguez', 'Rodríguez', NULL, NULL, NULL, NULL, NULL, NULL, NULL, NULL, NULL, NULL, 9, '2016-12-04 00:00:00'),
(7, '5345345345', 'Minerva', 'Rodríguez', 'Rodríguez', NULL, NULL, NULL, NULL, NULL, NULL, NULL, NULL, NULL, NULL, 12, '2016-12-04 00:00:00'),
(8, '53453453453534', 'Rosario', 'Rodríguez', 'Rodríguez', NULL, NULL, NULL, NULL, NULL, NULL, NULL, NULL, NULL, NULL, 12, '2016-12-04 00:00:00'),
(9, '5345345345345', 'Amparo', 'Rodríguez', 'Rodríguez', NULL, NULL, NULL, NULL, NULL, NULL, NULL, NULL, NULL, NULL, 12, '2016-12-04 00:00:00'),
(10, '5347789789', 'Adolfo', 'Rodríguez', 'Rodríguez', NULL, NULL, NULL, NULL, NULL, NULL, NULL, NULL, NULL, NULL, 12, '2016-12-04 00:00:00'),
(11, '534546456', 'Mariano', 'Rodríguez', 'Rodríguez', NULL, NULL, NULL, NULL, NULL, NULL, NULL, NULL, NULL, NULL, 12, '2016-12-04 00:00:00');



INSERT INTO `episodio` (`id`, `fecha`, `informe`, `importe`, `id_importancia`, `id_servicio`, `id_tipo`, `id_paciente`, `id_medico`, `id_episodio`, `id_prioridad`) VALUES
(1, '2016-12-06 00:00:00', 'Nulla facilisi. Nam et augue turpis. Vivamus placerat sit amet lorem quis rhoncus. Vestibulum maximus dolor eu congue ornare. Vestibulum ex lorem, interdum eu vehicula vel, aliquam id dui. Aenean a mauris et odio ullamcorper commodo eu vel justo. Vestibulum ante ipsum primis in faucibus orci luctus et ultrices posuere cubilia Curae; Praesent lacinia, neque sed placerat tristique, eros enim consectetur ex, in auctor nulla neque vel arcu.', '1222', 1, 13, 8, 8, 14, NULL, 4),
(2, '2016-12-04 00:00:00', 'Ullamcorper commodo eu vel justo. Vestibulum ante ipsum primis in faucibus orci luctus et ultrices posuere cubilia Curae; Praesent lacinia, neque sed placerat tristique, eros enim consectetur ex, in auctor nulla neque vel arcu.', '1664', 3, 14, 10, 4, 15, NULL, 3),
(3, '2016-10-03 00:00:00', 'Nulla facilisi. Nam et augue turpis. Vivamus placerat sit amet lorem quis rhoncus. Vestibulum maximus dolor eu congue ornare. Vestibulum ex lorem, interdum eu vehicula vel, aliquam id dui. Aenean a mauris et odio ullamcorper commodo eu vel justo. Vestibulum ante ipsum primis in faucibus orci luctus et ultrices posuere cubilia Curae; Praesent lacinia, neque sed placerat tristique, eros enim consectetur ex, in auctor nulla neque vel arcu.', '12221', 3, 10, 10, 10, 16, 1, 5),
(4, '2015-12-06 07:00:00', 'Nulla facilisi. Nam et augue turpis. Vivamus placerat sit amet lorem quis rhoncus. Vestibulum maximus dolor eu congue ornare. Vestibulum ex lorem, interdum eu vehicula vel, aliquam id dui. Aenean a mauris et odio ullamcorper commodo eu vel justo. Vestibulum ante ipsum primis in faucibus orci luctus et ultrices posuere cubilia Curae; Praesent lacinia, neque sed placerat tristique, eros enim consectetur ex, in auctor nulla neque vel arcu.', '1234', 3, 16, 5, 2, 9, 2, 4),
(7, '2016-04-03 00:00:00', 'Nulla facilisi. Nam et augue turpis. Vivamus placerat sit amet lorem quis rhoncus. Vestibulum maximus dolor eu congue ornare. Vestibulum ex lorem, interdum eu vehicula vel, aliquam id dui. Aenean a mauris et odio ullamcorper commodo eu vel justo. Vestibulum ante ipsum primis in faucibus orci luctus et ultrices posuere cubilia Curae; Praesent lacinia, neque sed placerat tristique, eros enim consectetur ex, in auctor nulla neque vel arcu.', '1888', 3, 12, 9, 9, 6, NULL, 3),
(8, '2016-12-21 00:00:00', 'Nulla facilisi. Nam et augue turpis. Vivamus placerat sit amet lorem quis rhoncus. Vestibulum maximus dolor eu congue ornare. Vestibulum ex lorem, interdum eu vehicula vel, aliquam id dui. Aenean a mauris et odio ullamcorper commodo eu vel justo. Vestibulum ante ipsum primis in faucibus orci luctus et ultrices posuere cubilia Curae; Praesent lacinia, neque sed placerat tristique, eros enim consectetur ex, in auctor nulla neque vel arcu.', NULL, 4, 11, 9, 3, 16, NULL, 5),
(9, '2016-10-17 08:00:00', 'Nulla facilisi. Nam et augue turpis. Vivamus placerat sit amet lorem quis rhoncus. Vestibulum maximus dolor eu congue ornare. Vestibulum ex lorem, interdum eu vehicula vel, aliquam id dui. Aenean a mauris et odio ullamcorper commodo eu vel justo. Vestibulum ante ipsum primis in faucibus orci luctus et ultrices posuere cubilia Curae; Praesent lacinia, neque sed placerat tristique, eros enim consectetur ex, in auctor nulla neque vel arcu.', '556', 2, 4, 1, 2, 14, 2, 4),
(10, '2016-12-29 00:00:00', 'Aenean a mauris et odio ullamcorper commodo eu vel justo. Vestibulum ante ipsum primis in faucibus orci luctus et ultrices posuere cubilia Curae; Praesent lacinia, neque sed placerat tristique, eros enim consectetur ex, in auctor nulla neque vel arcu.', '8444', 3, 15, 8, 9, 10, 3, 5),
(11, '2016-12-07 00:00:00', 'Praesent lacinia, neque sed placerat tristique, eros enim consectetur ex, in auctor nulla neque vel arcu.', '5346', 3, 13, 10, 8, 12, NULL, 2),
(12, '2016-12-07 00:00:00', 'Nulla facilisi. Nam et augue turpis. Vivamus placerat sit amet lorem quis rhoncus. Vestibulum maximus dolor eu congue ornare. Vestibulum ex lorem, interdum eu ', '3566', 4, 9, 4, 4, 15, NULL, 4),
(13, NULL, 'ipsum primis commodo eu vel justo. Vestibulum ante ipsum primis in faucibus orci luctus et ultrices posuere cubilia Curae; Praesent lacinia', '4432', 3, 15, 10, 3, 15, 1, 3);




INSERT INTO `cargo` (`id`, `id_documento`, `date`, `id_episodio`) VALUES
(1, 1, '2016-12-05 00:00:00', 4),
(2, 1, '2016-12-21 00:00:00', 11),
(3, 4, '2016-12-20 00:00:00', 10),
(4, 7, '2016-12-21 00:00:00', 11),
(5, 5, '2016-12-18 00:00:00', 12),
(6, 6, '2016-12-28 00:00:00', 11),
(7, 6, '2016-05-04 00:00:00', 4),
(8, 4, '2016-08-07 00:00:00', 13),
(9, 7, '2016-09-05 00:00:00', 10),
(10, 9, '2016-12-28 00:00:00', 13),
(11, 12, '2016-07-03 00:00:00', 4),
(12, 11, '2016-04-11 00:00:00', 10);


INSERT INTO `diagnostico` (`id`, `informe`, `fecha`, `id_episodio`, `id_tipodiagnostico`) VALUES
(1, 'Nurpis. Vivamus placerat sit amet lorem quis rhoncus. Vestibulum maximus dolor eu congue ornare. Vestibulum ex lorem, interdum eu vehicula vel, aliquam id dui. Aenean a mauris et odio ullamcorper commodo eu vel justo. Vestibulum ante ipsum primis in faucibus orci luctus et ultrices posuere cubilia Curae; Praesent lacinia, neque sed placerat tristique, eros enim consectetur ex, in auctor nulla neque vel arcu.', '2016-07-10 00:00:00', 3, 13),
(2, 'Nulmus placerat sit amet lorem quis rhoncus. Vestibulum maximus dolor eu congue ornare. Vestibulum ex lorem, interdum eu vehicula vel, aliquam id dui. Aenean a mauris et odio ullamcorper commodo eu vel justo. Vestibulum ante ipsum primis in faucibus orci luctus et ultrices posuere cubilia Curae; Praesent lacinia, neque sed placerat tristique, eros enim consectetur ex, in auctor nulla neque vel arcu.', '2016-12-04 00:00:00', 10, 2),
(3, 'id dui. Aenean a mauris et odio ullamcorper commodo eu vel justo. Vestibulum ante ipsum primis in faucibus orci luctus et ultrices posuere cubilia Curae; Praesent lacinia', '2016-04-03 00:00:00', 4, 5),
(4, 'Vivamus placerat sit amet lorem quis rhoncus. Vestibulum maximus dolor eu congue ornare. Vestibulum ex lorem, interdum eu vehicula vel, aliquam id dui. Aenean a mauris et odio ullamcorper commodo eu vel justo. Vestibulum ante ipsum primis in faucibus ', '2016-07-03 00:00:00', 3, 6),
(5, 'Vestibulum ex lorem, interdum eu vehicula vel, aliquam id dui. Aenean a mauris et odio ullamcorper commodo eu vel justo. Vestibulum ante ipsum primis in faucibus orci luctus et ultrices posuere cubilia Curae; Praesent lacini', '2016-03-13 05:00:00', 13, 13),
(6, 'lorem quis rhoncus. Vestibulum maximus dolor eu congue ornare. Vestibulum ex lorem, interdum eu vehicula vel, aliquam id dui. Aenean a mauris et odio ullamcorper commodo eu vel justo. Vestibulum ante ipsum primis in faucibus orci luctus et ultrices posuere cubilia Curae; Praesent lacinia, neque sed placerat tristique, eros enim consectetur ex, in auctor nulla neque vel arcu.Nulla facilisi. Nam et augue turpis. Vivamus placerat sit amet lorem quis rhoncus. Vestibulum maximus dolor eu congue ornare. Vestibulum ex lorem, interdum eu vehicula vel, aliquam id dui. Aenean a mauris et odio ullamcorper commodo eu vel justo. Vestibulum ante ipsum primis in faucibus orci luctus et ultrices posuere cubilia Curae; Praesent lacinia, neque sed placerat tristique, eros enim consectetur ex, in auctor nulla neque vel arcu.', '2016-12-29 00:00:00', 7, 14),
(7, 'Nulla. Vivamus placerat sit amet lorem quis rhoncus. Vestibulum maximus dolor eu congue ornare. Vestibulum ex lorem, interdum eu vehicula vel, aliquam id dui. Aenean a mauris et odio ullamcorper commodo eu vel justo. Vestibulum ante ipsum primis in faucibus orci luctus et ultrices posuere cubilia Curae; Praesent lacinia, neque sed placerat tristique, eros enim consectetur ex, in auctor nulla neque vel arcu.Nulla facilisi. Nam et augue turpis. Vivamus placerat sit amet lorem quis rhoncus. Vestibulum maximus dolor eu congue ornare. Vestibulum ex lorem, interdum eu vehicula vel, aliquam id dui. Aenean a mauris et odio ullamcorper commodo eu vel justo. Vestibulum ante ipsum primis in faucibus orci luctus et ultrices posuere cubilia Curae; Praesent lacinia, neque sed placerat tristique, eros enim consectetur ex, in auctor nulla neque vel arcu.Nulla facilisi. Nam et augue turpis. Vivamus placerat sit amet lorem quis rhoncus. Vestibulum maximus dolor eu congue ornare. Vestibulum ex lorem, interdum eu vehicula vel, aliquam id dui. Aenean a mauris et odio ullamcorper commodo eu vel justo. Vestibulum ante ipsum primis in faucibus orci luctus et ultrices posuere cubilia Curae; Praesent lacinia, neque sed placerat tristique, eros enim consectetur ex, in auctor nulla neque vel arcu.', '2016-12-20 00:00:00', 4, 15),
(8, 'Nulem quis rhoncus. Vestibulum maximus dolor eu congue ornare. Vestibulum ex lorem, interdum eu vehicula vel, aliquam id dui. Aenean a mauris et odio ullamcorper commodo eu vel justo. Vestibulum ante ipsum primis in faucibus orci luctus et ultrices posuere cubilia Curae; Praesent lacinia, neque sed placerat tristique, eros enim consectetur ex, in auctor nulla neque vel arcu.Nulla facilisi. Nam et augue turpis. Vivamus placerat sit amet lorem quis rhoncus. Vestibulum maximus dolor eu congue ornare. Vestibulum ex lorem, interdum eu vehicula vel, aliquam id dui. Aenean a mauris et odio ullamcorper commodo eu vel justo. Vestibulum ante ipsum primis in faucibus orci luctus et ultrices posuere cubilia Curae; Praesent lacinia, neque sed placerat tristique, eros enim consectetur ex, in auctor nulla neque vel arcu.', '2016-12-28 00:00:00', 4, 13),
(9, 'placerat sit amet lorem quis rhoncus. Vestibulum maximus dolor eu congue ornare. Vestibulum ex lorem, interdum eu vehicula vel, aliquam id dui. Aenean a mauris et odio ullamcorper commodo eu vel justo. Vestibulum ante ipsum primis in faucibus orci luctus et ultrices posuere cubilia Curae; Praesent lacinia, neque sed placerat tristique, eros enim consectetur ex, in auctor nulla neque vel arcu.', '2016-01-03 00:00:00', 2, 14),
(10, 'Nulla facilisi. Nam et augue turpiibulum ex lorem, interdum eu vehicula vel, aliquam id dui. Aenean a mauris et odio ullamcorper commodo eu vel justo. Vestibulum ante ipsum primis in faucibus orci luctus et ultrices posuere cubilia Curae; Praesent lacinia, neque sed placerat tristique, eros enim consectetur ex, in auctor nulla neque vel arcu.', '2016-12-27 00:00:00', 3, 7),
(11, 'Nulgue ornare. Vestibulum ex lorem, interdum eu vehicula vel, aliquam id dui. Aenean a mauris et odio ullamcorper commodo eu vel justo. Vestibulum ante ipsum primis in faucibus orci luctus et ultrices posuere cubilia Curae; Praesent lacinia, neque sed placerat tristique, eros enim consectetur ex, in auctor nulla neque vel arcu.', '2016-12-04 00:00:00', 8, 10);




